{
  "hash": "0e7ab31c",
  "configHash": "51b0c97f",
  "lockfileHash": "b4eab82c",
  "browserHash": "97cf030c",
  "optimized": {
    "@angular/common": {
      "src": "../../../../../../node_modules/@angular/common/fesm2022/common.mjs",
      "file": "@angular_common.js",
      "fileHash": "8d7d87c1",
      "needsInterop": false
    },
    "@angular/common/http": {
      "src": "../../../../../../node_modules/@angular/common/fesm2022/http.mjs",
      "file": "@angular_common_http.js",
      "fileHash": "ceb4154b",
      "needsInterop": false
    },
    "@angular/core": {
      "src": "../../../../../../node_modules/@angular/core/fesm2022/core.mjs",
      "file": "@angular_core.js",
      "fileHash": "355ca04f",
      "needsInterop": false
    },
    "@angular/forms": {
      "src": "../../../../../../node_modules/@angular/forms/fesm2022/forms.mjs",
      "file": "@angular_forms.js",
      "fileHash": "cfbe86ce",
      "needsInterop": false
    },
    "@angular/platform-browser": {
      "src": "../../../../../../node_modules/@angular/platform-browser/fesm2022/platform-browser.mjs",
      "file": "@angular_platform-browser.js",
      "fileHash": "fb5d160e",
      "needsInterop": false
    },
    "@angular/router": {
      "src": "../../../../../../node_modules/@angular/router/fesm2022/router.mjs",
      "file": "@angular_router.js",
      "fileHash": "c9fa3843",
      "needsInterop": false
    },
    "zone.js": {
      "src": "../../../../../../node_modules/zone.js/fesm2015/zone.js",
      "file": "zone__js.js",
      "fileHash": "3f06f9bb",
      "needsInterop": true
    }
  },
  "chunks": {
    "chunk-YCJW7L24": {
      "file": "chunk-YCJW7L24.js"
    },
    "chunk-2LGJ44LQ": {
      "file": "chunk-2LGJ44LQ.js"
    },
    "chunk-7AFFYASK": {
      "file": "chunk-7AFFYASK.js"
    },
    "chunk-ZMLREZMJ": {
      "file": "chunk-ZMLREZMJ.js"
    },
    "chunk-DQIUKFFJ": {
      "file": "chunk-DQIUKFFJ.js"
    },
    "chunk-WDMUDEB6": {
      "file": "chunk-WDMUDEB6.js"
    }
  }
}